"TruePositives","FalsePositives","TrueNegatives","FalseNegatives","Recall","Precision","Sensitivity","Specificity","F-measure","Accuracy","Cohen's kappa"
887,5,90,8,0.9910614525139665,0.9943946188340808,0.9910614525139665,0.9473684210526315,0.9927252378287634,,
90,8,887,5,0.9473684210526315,0.9183673469387755,0.9473684210526315,0.9910614525139665,0.9326424870466321,,
,,,,,,,,,0.9868686868686869,0.9253696723688027
