"TruePositives","FalsePositives","TrueNegatives","FalseNegatives","Recall","Precision","Sensitivity","Specificity","F-measure","Accuracy","Cohen's kappa"
881,32,63,14,0.9843575418994414,0.9649507119386638,0.9843575418994414,0.6631578947368421,0.9745575221238939,,
63,14,881,32,0.6631578947368421,0.8181818181818182,0.6631578947368421,0.9843575418994414,0.7325581395348837,,
,,,,,,,,,0.9535353535353536,0.7074204946996469
